study,fold,method,auc,average_precision,mcc,accuracy,balanced_accuracy,f1_weighted,brier,sensitivity,specificity,ppv,npv,calibration_intercept,calibration_slope,n_features,avg_leakage_risk,avg_clinical_utility,designated_traps_selected,designated_trap_fraction,prediction_unavailable_selected
diabetes130_admission,1,All Features,0.6422439566786388,0.1556027794881074,-0.0095136826396039,0.91109375,0.4994860373479527,0.8696025212574605,0.0784994807864051,0.0,0.9989720746959054,0.0,0.9119487019080388,-0.4180078465088793,0.8032081521776598,18,0.37386956635935925,0.5111111111111112,11,1.0,11
diabetes130_admission,1,Mutual Information,0.630462678977832,0.1509109019596866,0.0030660232359107,0.9109375,0.5002028159310773,0.869825109415854,0.078891243206784,0.0017761989342806,0.998629432927874,0.1111111111111111,0.9120638397746832,-0.5580524416067735,0.7455718488109978,5,0.5235177491528901,0.4833333333333334,4,0.36363636363636365,4
diabetes130_admission,1,LightGBM Gain,0.5866227906680936,0.1278972019743398,-0.0054910099506816,0.91171875,0.4998286791159842,0.8699145637515325,0.0799221982187545,0.0,0.9996573582319684,0.0,0.9120037511722412,-0.952512400400857,0.577591227497656,5,0.48040260970663445,0.5166666666666667,4,0.36363636363636365,4
diabetes130_admission,1,Permutation Importance,0.6254423380462298,0.1478987806871385,0.0349969961984825,0.91125,0.5027814538904903,0.8708746227821408,0.07912928860954,0.0071047957371225,0.998458112043858,0.3076923076923077,0.9124784718960388,-0.7039560897666748,0.6824153016036989,5,0.5248696971421304,0.49000000000000005,4,0.36363636363636365,4
diabetes130_admission,1,SHAP Ranking,0.6245113322830927,0.1433145739404169,0.0046251509606043,0.91109375,0.5002884763730852,0.8699037039388728,0.0794179845843364,0.0017761989342806,0.9988007538118896,0.125,0.9120775969962454,-0.7318658360494721,0.6699519292479689,5,0.4426036651314577,0.5333333333333333,3,0.2727272727272727,3
diabetes130_admission,1,Availability Gate + SHAP,0.5789039175882644,0.1170441818531394,0.0120421029246098,0.91078125,0.5009195945142019,0.8700444462967902,0.0806666573640587,0.0035523978685612,0.9982867911598424,0.1666666666666666,0.9121790857858484,-1.155438248202511,0.4971720268693262,5,0.1574463917308514,0.5866666666666667,0,0.0,0
diabetes130_admission,1,Semantic Veto + SHAP,0.5789039175882644,0.1170441818531394,0.0120421029246098,0.91078125,0.5009195945142019,0.8700444462967902,0.0806666573640587,0.0035523978685612,0.9982867911598424,0.1666666666666666,0.9121790857858484,-1.155438248202511,0.4971720268693262,5,0.1574463917308514,0.5866666666666667,0,0.0,0
diabetes130_admission,1,PSEUL-Select,0.5847422168435512,0.1208939580281868,0.0419863366987554,0.91125,0.5035838929156228,0.8711678505038563,0.080557196438036,0.0088809946714031,0.9982867911598424,0.3333333333333333,0.9126076742364918,-1.10130586425043,0.5210319645809468,5,0.12863607840218333,0.5966666666666667,0,0.0,0
diabetes130_admission,1,PSEUL-Audit,0.629203333545329,0.148674415223637,0.0472491036143945,0.9115625,0.5037552137996385,0.8713292896033303,0.0790819977824006,0.0088809946714031,0.998629432927874,0.3846153846153846,0.9126350399248472,-0.6564166146572692,0.7052874527710902,5,0.465538683178287,0.54,3,0.2727272727272727,3
diabetes130_admission,1,PSEUL-Auto (leakage metadata null),0.5847422168435512,0.1208939580281868,0.0419863366987554,0.91125,0.5035838929156228,0.8711678505038563,0.080557196438036,0.0088809946714031,0.9982867911598424,0.3333333333333333,0.9126076742364918,-1.10130586425043,0.5210319645809468,5,0.12863607840218333,0.5966666666666667,0,0.0,0
diabetes130_admission,1,Oracle Trap Exclusion + SHAP,0.5789039175882644,0.1170441818531394,0.0120421029246098,0.91078125,0.5009195945142019,0.8700444462967902,0.0806666573640587,0.0035523978685612,0.9982867911598424,0.1666666666666666,0.9121790857858484,-1.155438248202511,0.4971720268693262,5,0.1574463917308514,0.5866666666666667,0,0.0,0
diabetes130_admission,2,All Features,0.6445411171643138,0.1630598319444721,0.0231011864530205,0.9115625,0.5013478967242412,0.8704400964338482,0.0780171284729552,0.0035523978685612,0.9991433955799212,0.2857142857142857,0.9122477709995308,-0.2644309252680967,0.8740983383013368,18,0.37309820144799133,0.5111111111111112,11,1.0,11
diabetes130_admission,2,Mutual Information,0.6363300388804073,0.1567757803197736,0.0460045363472462,0.91109375,0.5043006714987474,0.8713777634740145,0.0785962377250098,0.0106571936056838,0.9979441493918108,0.3333333333333333,0.9127232842369164,-0.4545823041861804,0.795493941434755,5,0.3413142668356001,0.5466666666666666,2,0.18181818181818182,2
diabetes130_admission,2,LightGBM Gain,0.6018819127444176,0.146584929447837,0.050546620580247,0.9121875,0.5024929775174052,0.8710571649114768,0.0790155005012338,0.0053285968028419,0.9996573582319684,0.6,0.9124315871774824,-0.636814142761309,0.7172206429413341,5,0.48502695810196894,0.5166666666666667,4,0.36363636363636365,4
diabetes130_admission,2,Permutation Importance,0.6282061425383669,0.1633589988848939,0.0616784823871256,0.91140625,0.506076870433028,0.8721174422808893,0.0783410168465995,0.0142095914742451,0.9979441493918108,0.4,0.9130094043887148,-0.5386525635643181,0.7586311556865389,5,0.27185446511710654,0.5533333333333333,1,0.09090909090909091,1
diabetes130_admission,2,SHAP Ranking,0.6235197708256055,0.1574782595802261,0.0537001737753263,0.911875,0.5039265346836543,0.8714907144396103,0.0785141219216875,0.0088809946714031,0.9989720746959054,0.4545454545454545,0.9126623884802004,-0.532789888822581,0.7627520176007189,5,0.44549779972430265,0.5333333333333333,3,0.2727272727272727,3
diabetes130_admission,2,Availability Gate + SHAP,0.5612631917841443,0.1203357347843018,0.0191705816682281,0.910625,0.5016363730973263,0.8702605818454328,0.0803578052676266,0.0053285968028419,0.9979441493918108,0.2,0.9122944400939702,-1.1700182703920707,0.4908310152845697,5,0.16511869518214678,0.5900000000000001,0,0.0,0
diabetes130_admission,2,Semantic Veto + SHAP,0.5612631917841443,0.1203357347843018,0.0191705816682281,0.910625,0.5016363730973263,0.8702605818454328,0.0803578052676266,0.0053285968028419,0.9979441493918108,0.2,0.9122944400939702,-1.1700182703920707,0.4908310152845697,5,0.16511869518214678,0.5900000000000001,0,0.0,0
diabetes130_admission,2,PSEUL-Select,0.5683314715246737,0.1201239493913503,0.0030660232359107,0.9109375,0.5002028159310773,0.869825109415854,0.0802105463884781,0.0017761989342806,0.998629432927874,0.1111111111111111,0.9120638397746832,-1.0114975469822047,0.5588505642190544,5,0.13650333571835196,0.6,0,0.0,0
diabetes130_admission,2,PSEUL-Audit,0.633986472649062,0.1560091747647086,0.0617775231575607,0.91171875,0.5054457522919114,0.8719933671269859,0.0786674912052727,0.0124333925399644,0.998458112043858,0.4375,0.912907268170426,-0.564558028357118,0.7472893388796251,5,0.37782094406759564,0.5666666666666667,2,0.18181818181818182,2
diabetes130_admission,2,PSEUL-Auto (leakage metadata null),0.5683314715246737,0.1201239493913503,0.0030660232359107,0.9109375,0.5002028159310773,0.869825109415854,0.0802105463884781,0.0017761989342806,0.998629432927874,0.1111111111111111,0.9120638397746832,-1.0114975469822047,0.5588505642190544,5,0.13650333571835196,0.6,0,0.0,0
diabetes130_admission,2,Oracle Trap Exclusion + SHAP,0.558773257266455,0.1200485670674783,0.0064122155421579,0.91125,0.500374136815093,0.8699822875873248,0.0802045783978321,0.0017761989342806,0.9989720746959054,0.1428571428571428,0.9120913499139685,-1.1882385058196965,0.4823988364272317,5,0.13869421307896893,0.58,0,0.0,0
diabetes130_admission,3,All Features,0.6522850949918007,0.1672647576499429,0.0325072065964945,0.9115625,0.5021503357493736,0.8707386174199533,0.0778791807357456,0.0053285968028419,0.9989720746959054,0.3333333333333333,0.9123767798466592,-0.1961053926068234,0.9066057934843302,18,0.3746712867126407,0.5111111111111112,11,1.0,11
diabetes130_admission,3,Mutual Information,0.637282497791543,0.1742824640417433,0.0349969961984825,0.91125,0.5027814538904903,0.8708746227821408,0.0772876425678298,0.0071047957371225,0.998458112043858,0.3076923076923077,0.9124784718960388,-0.1481757009881877,0.9370528297280176,5,0.4198098625143696,0.48999999999999994,3,0.2727272727272727,3
diabetes130_admission,3,LightGBM Gain,0.6101935621689407,0.1425329371737911,0.0202374748782563,0.91140625,0.5012622362822333,0.8703609844171194,0.0790590819708601,0.0035523978685612,0.9989720746959054,0.25,0.9122340425531916,-0.5734352067929719,0.7436137961252921,5,0.48274991390623834,0.5166666666666667,4,0.36363636363636365,4
diabetes130_admission,3,Permutation Importance,0.6480926021329603,0.1709612058352456,0.0375449019707723,0.91140625,0.5028671143324982,0.8709548179514538,0.0778205582307986,0.0071047957371225,0.998629432927874,0.3333333333333333,0.912492172824045,-0.3565472243357134,0.8415677917949793,5,0.45298442295503466,0.5399999999999999,3,0.2727272727272727,3
diabetes130_admission,3,SHAP Ranking,0.6480926021329603,0.1709612058352456,0.0375449019707723,0.91140625,0.5028671143324982,0.8709548179514538,0.0778205582307986,0.0071047957371225,0.998629432927874,0.3333333333333333,0.912492172824045,-0.3565472243357134,0.8415677917949793,5,0.45298442295503466,0.54,3,0.2727272727272727,3
diabetes130_admission,3,Availability Gate + SHAP,0.5743255723654241,0.1373058533231683,0.0358497987959083,0.91171875,0.5022359961913815,0.8708182648953658,0.0791788254106823,0.0053285968028419,0.9991433955799212,0.375,0.9123904881101376,-0.6322054998548126,0.7255248745831072,5,0.13847006131461853,0.58,0,0.0,0
diabetes130_admission,3,Semantic Veto + SHAP,0.5743255723654241,0.1373058533231683,0.0358497987959083,0.91171875,0.5022359961913815,0.8708182648953658,0.0791788254106823,0.0053285968028419,0.9991433955799212,0.375,0.9123904881101376,-0.6322054998548126,0.7255248745831072,5,0.13847006131461853,0.58,0,0.0,0
diabetes130_admission,3,PSEUL-Select,0.586577449972324,0.1363943861053065,0.0397901573638831,0.911875,0.5023216566333895,0.8708979052803718,0.0792602667383899,0.0053285968028419,0.999314716463937,0.4285714285714285,0.912404192085093,-0.5346466591547906,0.7669064736510677,5,0.15453577082787814,0.6066666666666667,0,0.0,0
diabetes130_admission,3,PSEUL-Audit,0.6398374003531706,0.1650673691489324,0.0537001737753263,0.911875,0.5039265346836543,0.8714907144396103,0.0780679139656204,0.0088809946714031,0.9989720746959054,0.4545454545454545,0.9126623884802004,-0.387054055152073,0.8271619064960951,5,0.43687034604776,0.55,3,0.2727272727272727,3
diabetes130_admission,3,PSEUL-Auto (leakage metadata null),0.586577449972324,0.1363943861053065,0.0397901573638831,0.911875,0.5023216566333895,0.8708979052803718,0.0792602667383899,0.0053285968028419,0.999314716463937,0.4285714285714285,0.912404192085093,-0.5346466591547906,0.7669064736510677,5,0.15453577082787814,0.6066666666666667,0,0.0,0
diabetes130_admission,3,Oracle Trap Exclusion + SHAP,0.5743255723654241,0.1373058533231683,0.0358497987959083,0.91171875,0.5022359961913815,0.8708182648953658,0.0791788254106823,0.0053285968028419,0.9991433955799212,0.375,0.9123904881101376,-0.6322054998548126,0.7255248745831072,5,0.13847006131461853,0.5800000000000001,0,0.0,0
diabetes130_admission,4,All Features,0.6305061938737722,0.1517906294547546,0.0202374748782563,0.91140625,0.5012622362822333,0.8703609844171194,0.0786787161730616,0.0035523978685612,0.9989720746959054,0.25,0.9122340425531916,-0.5291381349734069,0.7553626977007774,18,0.371045664067177,0.5111111111111112,11,1.0,11
diabetes130_admission,4,Mutual Information,0.6221216646060487,0.1408382802141232,0.0208805613779021,0.91078125,0.5017220335393342,0.8703402725453236,0.0795112601611406,0.0053285968028419,0.9981154702758266,0.2142857142857142,0.9123081741309114,-0.7013223983316544,0.6858938838326372,5,0.4575662779036528,0.5166666666666666,3,0.2727272727272727,3
diabetes130_admission,4,LightGBM Gain,0.5924463313747573,0.1324887364597234,0.0,0.91203125,0.5,0.8700705084988151,0.0795857405325063,0.0,1.0,0.0,0.91203125,-0.8778450364507819,0.6100462892167298,5,0.47671654725686763,0.5166666666666667,4,0.36363636363636365,4
diabetes130_admission,4,Permutation Importance,0.6242701745555927,0.1459070688257319,0.0120421029246098,0.91078125,0.5009195945142019,0.8700444462967902,0.0791537386391128,0.0035523978685612,0.9982867911598424,0.1666666666666666,0.9121790857858484,-0.6779208263643265,0.6954755965942436,5,0.4294541150637324,0.5233333333333333,3,0.2727272727272727,3
diabetes130_admission,4,SHAP Ranking,0.6205000500573453,0.1458879410214472,0.0265357956868999,0.91171875,0.5014335571662492,0.8705191994911514,0.0791527397245779,0.0035523978685612,0.999314716463937,0.3333333333333333,0.9122614951517048,-0.7178970093536247,0.6761233069092211,5,0.4477419255007641,0.5466666666666666,3,0.2727272727272727,3
diabetes130_admission,4,Availability Gate + SHAP,0.5588599827583636,0.1139276428416166,0.0308030519678832,0.911875,0.501519217608257,0.8705982936122294,0.0804152959025465,0.0035523978685612,0.9994860373479528,0.4,0.912275215011728,-1.1904919785935368,0.4829206831649046,5,0.16105301224287646,0.5900000000000001,0,0.0,0
diabetes130_admission,4,Semantic Veto + SHAP,0.5588599827583636,0.1139276428416166,0.0308030519678832,0.911875,0.501519217608257,0.8705982936122294,0.0804152959025465,0.0035523978685612,0.9994860373479528,0.4,0.912275215011728,-1.1904919785935368,0.4829206831649046,5,0.16105301224287646,0.5900000000000001,0,0.0,0
diabetes130_admission,4,PSEUL-Select,0.559759645624425,0.1139388025011378,0.0231011864530205,0.9115625,0.5013478967242412,0.8704400964338482,0.0805021701428671,0.0035523978685612,0.9991433955799212,0.2857142857142857,0.9122477709995308,-1.275882170340518,0.4462108753761532,5,0.14926797914250362,0.6066666666666667,0,0.0,0
diabetes130_admission,4,PSEUL-Audit,0.6223036359890707,0.1389859691248879,0.0227448887825704,0.9109375,0.5018076939813422,0.870419955960951,0.0795778527779144,0.0053285968028419,0.9982867911598424,0.2307692307692307,0.9123219038672304,-0.7447104596073122,0.6646899032536371,5,0.43621051175228837,0.55,3,0.2727272727272727,3
diabetes130_admission,4,PSEUL-Auto (leakage metadata null),0.559759645624425,0.1139388025011378,0.0231011864530205,0.9115625,0.5013478967242412,0.8704400964338482,0.0805021701428671,0.0035523978685612,0.9991433955799212,0.2857142857142857,0.9122477709995308,-1.275882170340518,0.4462108753761532,5,0.14926797914250362,0.6066666666666667,0,0.0,0
diabetes130_admission,4,Oracle Trap Exclusion + SHAP,0.5608872291692215,0.1138893405253937,0.008511056523648,0.91140625,0.5004597972571009,0.870060860374306,0.0804356736862582,0.0017761989342806,0.9991433955799212,0.1666666666666666,0.9121050985298718,-1.2611404201995788,0.451165831168743,5,0.132021804765869,0.58,0,0.0,0
diabetes130_admission,5,All Features,0.6117589405937225,0.146599388672925,0.0363349009345231,0.911875,0.5016016994054997,0.8704503484280438,0.0791985472373841,0.0035460992907801,0.9996572995202192,0.5,0.9121325828642902,-0.7084989608283111,0.6785701994292519,18,0.3705324952317049,0.5111111111111112,11,1.0,11
diabetes130_admission,5,Mutual Information,0.6132848387849446,0.1480181065630323,0.0251223588423941,0.9103125,0.5023466476115478,0.8702465751055144,0.0791263401100189,0.0070921985815602,0.9976010966415352,0.2222222222222222,0.9122532121591976,-0.7508462355785276,0.6616482162483867,5,0.5147631008695341,0.47333333333333333,4,0.36363636363636365,4
diabetes130_admission,5,LightGBM Gain,0.5876339509233469,0.1282759494897825,0.0264976473002421,0.9115625,0.5014303491656094,0.8702921741188621,0.0801581505995647,0.0035460992907801,0.9993145990404386,0.3333333333333333,0.9121050985298718,-1.059251705347758,0.530297025797894,5,0.47714027872904996,0.5166666666666667,4,0.36363636363636365,4
diabetes130_admission,5,Permutation Importance,0.5982259173921708,0.1328644198364394,-0.0109978684530605,0.910625,0.4993145990404387,0.8692194144586196,0.0799841059840589,0.0,0.9986291980808774,0.0,0.9117647058823528,-0.9108755577909514,0.58823410532323,5,0.5097981795558538,0.49333333333333335,4,0.36363636363636365,4
diabetes130_admission,5,SHAP Ranking,0.6064606028125744,0.1421778317498467,0.0063888383535511,0.91109375,0.500372474103024,0.8697552713404544,0.0794858635529328,0.00177304964539,0.998971898560658,0.1428571428571428,0.911934928828406,-0.7822131946439269,0.6431780484755197,5,0.43297910085804403,0.53,3,0.2727272727272727,3
diabetes130_admission,5,Availability Gate + SHAP,0.5590591717342588,0.1115486883377021,0.0120085635991829,0.910625,0.5009162984459384,0.8698174356457242,0.08082953550158,0.0035460992907801,0.9982864976010968,0.1666666666666666,0.9120225422667502,-1.2045308267895414,0.4744805574543452,5,0.15747531040896257,0.5900000000000001,0,0.0,0
diabetes130_admission,5,Semantic Veto + SHAP,0.5590591717342588,0.1115486883377021,0.0120085635991829,0.910625,0.5009162984459384,0.8698174356457242,0.08082953550158,0.0035460992907801,0.9982864976010968,0.1666666666666666,0.9120225422667502,-1.2045308267895414,0.4744805574543452,5,0.15747531040896257,0.5900000000000001,0,0.0,0
diabetes130_admission,5,PSEUL-Select,0.5722417472377369,0.1175615467605008,0.0202017583641325,0.91125,0.501258998925719,0.87013396400786,0.0804231703840475,0.0035460992907801,0.998971898560658,0.25,0.9120775969962454,-1.0438817805565663,0.5421465057050568,5,0.15047606351282405,0.6066666666666667,0,0.0,0
diabetes130_admission,5,PSEUL-Audit,0.6180349469421881,0.1441816741188089,0.0349440851615201,0.91109375,0.5027750232112737,0.8706476122663314,0.0793889505783121,0.0070921985815602,0.998457847840987,0.3076923076923077,0.9123219038672304,-0.7167014070379484,0.6742166705370788,5,0.4309930184396865,0.55,3,0.2727272727272727,3
diabetes130_admission,5,PSEUL-Auto (leakage metadata null),0.5722417472377369,0.1175615467605008,0.0202017583641325,0.91125,0.501258998925719,0.87013396400786,0.0804231703840475,0.0035460992907801,0.998971898560658,0.25,0.9120775969962454,-1.0438817805565663,0.5421465057050568,5,0.15047606351282405,0.6066666666666667,0,0.0,0
diabetes130_admission,5,Oracle Trap Exclusion + SHAP,0.5590591717342588,0.1115486883377021,0.0120085635991829,0.910625,0.5009162984459384,0.8698174356457242,0.08082953550158,0.0035460992907801,0.9982864976010968,0.1666666666666666,0.9120225422667502,-1.2045308267895414,0.4744805574543452,5,0.15747531040896257,0.5900000000000001,0,0.0,0
