study,fold,feature,raw_predictive_drop,predictive_utility,raw_shap_mean_abs,raw_shap_cv,shap_stability,evidence_relevance,clinical_utility,label_derived_risk,definitional_overlap,target_proxy_strength,semantic_risk_max,available_at_prediction,interpretation,leakage_risk,theta_l_mean,audit_score,pre_score,uncertainty_width,pseul_category,semantic_veto,admissible_for_selection,select_score,selection_order,selected,rejection_reason
nhanes,1,age,0.026419008988915523,0.15856278082119346,0.7072412036834225,0.10331321373648301,0.8966867862635169,0.9,0.7333333333333333,0.0,0.0,0.05,0.05,True,Age is a stable diabetes risk factor.,0.11075618688612698,0.5,0.6352395248323948,0.6225379307058215,0.0003852842512791147,Clinically Actionable Feature,False,True,0.6225379307058215,1.0,True,
nhanes,1,bmi,0.0032076717861470928,0.01886889079504327,0.22687955546497232,0.07603220966253786,0.9239677903374621,0.9,0.8666666666666667,0.0,0.0,0.15,0.15,True,BMI is clinically actionable for diabetes prevention.,0.11816642664152348,0.5,0.6321208919726721,0.618522005063851,0.0006919406933215997,Clinically Actionable Feature,False,True,0.6180499791613329,2.0,True,
nhanes,1,prediabetes_told,0.023293203937210658,0.13975060023368455,0.4978179914190295,0.036436190196783624,0.9635638098032164,0.825,0.7833333333333333,0.1,0.3,0.65,0.65,True,Prediabetes self-report is close to diabetes label.,0.29169447419340305,0.5,0.636721275364082,0.5661867751701649,0.0017393920377716777,Clinically Actionable Feature,False,True,0.5546307857968648,3.0,True,
nhanes,1,diastolic_bp,0.003442120132300741,0.020279882380676444,0.20050296195672365,0.016648637811376144,0.9833513621886238,0.6,0.6833333333333332,0.0,0.0,0.1,0.1,True,Cardiometabolic risk marker.,0.025000000000000005,0.5,0.5235875704852611,0.5190965057366228,0.0,Domain-Supportive Feature,False,True,0.4977585202569528,4.0,True,
nhanes,1,race_ethnicity,0.001420003146725516,0.008110079954590255,0.12956828191868922,0.03530263240573742,0.9646973675942626,0.625,0.5833333333333334,0.0,0.0,0.05,0.05,True,Race/ethnicity is a population risk descriptor.,0.0161106273170603,0.5,0.49745583083856293,0.4935469308539883,0.000145330616915675,Domain-Supportive Feature,False,True,0.4883485435920019,5.0,True,
nhanes,1,waist,0.002749235362971262,0.01610986115691161,0.3475445146432428,0.17993047478130123,0.8200695252186988,0.85,0.8166666666666668,0.0,0.0,0.15,0.15,True,Central adiposity risk marker.,0.13517614852984214,0.5,0.58551353005748,0.5706061491946408,0.0014046586424229697,Clinically Actionable Feature,False,True,0.48581721269817724,6.0,True,
nhanes,1,sedentary_minutes,0.0018078111411375126,0.010444043174778617,0.2439814861742283,0.3554020849841112,0.6445979150158888,0.65,0.7166666666666668,0.0,0.0,0.1,0.1,True,Behavioral intervention target.,0.035362268518626755,0.5,0.47371946262227804,0.46920572142673395,0.00035213233103120154,Domain-Supportive Feature,False,True,0.4647784052402013,7.0,True,
nhanes,1,total_cholesterol,0.011870762942637884,0.0710063826047353,0.431632665720828,0.15512479141698354,0.8448752085830165,0.55,0.65,0.0,0.0,0.15,0.15,True,Metabolic risk marker.,0.09323083507158102,0.5,0.49027695649802394,0.48201993865676607,0.0003682072674723893,Domain-Supportive Feature,False,True,0.4639672314750092,8.0,True,
nhanes,1,weight,0.001789138264010252,0.010331663313976102,0.17899579591082607,0.0555216361948853,0.9444783638051147,0.7,0.7666666666666666,0.0,0.0,0.1,0.1,True,Body weight is clinically interpretable.,0.09004615773966707,0.5,0.5586618384218824,0.5495342239522794,0.0006202568475402427,Clinically Actionable Feature,False,True,0.4608276564756204,,False,not-in-final-subset
nhanes,1,systolic_bp,0.0023580558768557876,0.013755607128523124,0.20878642804842218,0.17199156707449023,0.8280084329255097,0.65,0.7166666666666668,0.0,0.0,0.1,0.1,True,Cardiometabolic risk marker.,0.07601947440806231,0.5,0.5113950353903256,0.5041252864429255,0.00031052017810949433,Domain-Supportive Feature,False,True,0.4418636146032952,,False,not-in-final-subset
nhanes,1,income_ratio,0.0029264547986699824,0.017176429280269908,0.1776094348321193,0.13895099981248366,0.8610490001875164,0.5,0.5666666666666667,0.0,0.0,0.1,0.1,True,Income-to-poverty ratio as socioeconomic context.,0.06644362422260626,0.5,0.44402939548825093,0.4382869878135606,0.00022038329153672227,Domain-Supportive Feature,False,True,0.4317112585286836,,False,not-in-final-subset
nhanes,1,education,0.0008392420886650376,0.004614858172775167,0.14596615780231023,0.010103504388125316,0.9898964956118746,0.45,0.5,0.0,0.0,0.05,0.05,True,Socioeconomic context.,0.0761076729134053,0.5,0.4368637565742075,0.4306496384831022,0.0002106309511448689,Low-Value Feature,False,True,0.4202379758053148,,False,not-in-final-subset
nhanes,1,sex_male,7.24438473734231e-05,0.0,0.04550751936508309,0.37636541450755107,0.623634585492449,0.625,0.5833333333333334,0.0,0.0,0.05,0.05,True,Sex supports subgroup risk stratification.,0.01986714812293692,0.5,0.4268102504318232,0.423330430395422,6.969773654707316e-05,Domain-Supportive Feature,False,True,0.41169645772057734,,False,not-in-final-subset
nhanes,1,ever_smoked,0.0001803315818865799,0.0006493058624151071,0.02663388072796553,0.22516128427801893,0.774838715721981,0.45,0.6166666666666667,0.0,0.0,0.1,0.1,True,Lifestyle risk context.,0.058259894837085734,0.5,0.4218292015697874,0.41679655275372723,0.00022010585156963082,Low-Value Feature,False,True,0.40106496264448294,,False,not-in-final-subset
nhanes,1,hdl_cholesterol,9.785970790778809e-05,0.00015296147720365253,0.20226543372587572,0.3826436137419755,0.6173563862580245,0.6,0.6666666666666666,0.0,0.0,0.15,0.15,True,Metabolic risk marker.,0.0987297437615821,0.5,0.44018383236143266,0.4323568967816325,0.00040169936153459256,Domain-Supportive Feature,False,True,0.4008064556928839,,False,not-in-final-subset
nhanes,1,fasting_glucose,0.046249345152572896,0.2779086321621986,0.6796685683863762,0.06945459968339678,0.9305454003166033,0.95,0.8333333333333334,0.8,1.0,0.95,1.0,True,Fasting glucose is part of diabetes label definition.,0.862569608050066,0.5,0.7153150030453136,0.018560519212736253,0.0005172318015770527,Label-Proximal Feature,True,False,0.003972555024713362,,False,semantic-veto
nhanes,1,hba1c,0.16623001526680595,0.9999939816526379,1.904367338039035,0.03848645439803,0.96151354560197,0.95,0.8333333333333334,0.8,1.0,0.95,1.0,True,HbA1c is part of diabetes label definition.,0.937499572068441,0.5,0.9381342369495188,0.011662606574606535,1.3732989623605234e-09,Label-Proximal Feature,True,False,0.0,,False,semantic-veto
nhanes,2,age,0.02738429299818977,0.1704208714628552,0.8784525124649075,0.061008608257773815,0.9389913917422262,0.9,0.7333333333333333,0.0,0.0,0.05,0.05,True,Age is a stable diabetes risk factor.,0.11116382155760646,0.5,0.6472578731206352,0.63426417387108,0.0003973690150978992,Clinically Actionable Feature,False,True,0.63426417387108,1.0,True,
nhanes,2,bmi,0.003428461268476172,0.02085997536757013,0.2556783644113708,0.1493048170980592,0.8506951829019408,0.9,0.8666666666666667,0.0,0.0,0.15,0.15,True,BMI is clinically actionable for diabetes prevention.,0.11289811069616877,0.5,0.6180636958573259,0.6054441687245203,0.0003491075296488008,Clinically Actionable Feature,False,True,0.6038813064874444,2.0,True,
nhanes,2,prediabetes_told,0.019026624410637284,0.11824232816179531,0.4733084697906029,0.04786355084177813,0.9521364491582218,0.825,0.7833333333333333,0.1,0.3,0.65,0.65,True,Prediabetes self-report is close to diabetes label.,0.29163904996967566,0.5,0.6279833216135162,0.5584505949484094,0.0017480494971007395,Clinically Actionable Feature,False,True,0.5479733509192212,3.0,True,
nhanes,2,sedentary_minutes,0.003063216333926359,0.018579680518204578,0.23195495660812707,0.046748611093993205,0.9532513889060068,0.65,0.7166666666666668,0.0,0.0,0.1,0.1,True,Behavioral intervention target.,0.032443214898070644,0.5,0.5378908486033295,0.5329169756691686,0.0002947219575434132,Domain-Supportive Feature,False,True,0.5291707211938534,4.0,True,
nhanes,2,total_cholesterol,0.006081047202612798,0.03742058297891628,0.3656228204361871,0.055072229002486525,0.9449277709975135,0.55,0.65,0.0,0.0,0.15,0.15,True,Metabolic risk marker.,0.09385353158691807,0.5,0.5002117290931776,0.4917275079883696,0.0005675868809625895,Domain-Supportive Feature,False,True,0.4878618963391074,5.0,True,
nhanes,2,race_ethnicity,0.001765970064611596,0.010480720870966274,0.14349419048758294,0.1196956969593163,0.8803043030406837,0.625,0.5833333333333334,0.0,0.0,0.05,0.05,True,Race/ethnicity is a population risk descriptor.,0.01287328232642417,0.5,0.48128841020276003,0.47762798717617777,2.1739924617355228e-05,Domain-Supportive Feature,False,True,0.4725899714519508,6.0,True,
nhanes,2,waist,0.0036481269202373935,0.022231390565733065,0.2654501725269259,0.2712289703480987,0.7287710296519013,0.85,0.8166666666666668,0.0,0.0,0.15,0.15,True,Central adiposity risk marker.,0.13178938820067496,0.5,0.5690902897667669,0.5551171116114314,0.00018262797919426363,Clinically Actionable Feature,False,True,0.46875827289198574,7.0,True,
nhanes,2,systolic_bp,0.0008357841484563015,0.004673390082996058,0.12887927983673889,0.1850937478431026,0.8149062521568974,0.65,0.7166666666666668,0.0,0.0,0.1,0.1,True,Cardiometabolic risk marker.,0.07192963363680224,0.5,0.506049934122945,0.4991311216034819,0.0004991073902501615,Domain-Supportive Feature,False,True,0.46556386536777145,8.0,True,
nhanes,2,hdl_cholesterol,0.0013772975851474485,0.008054163322386884,0.21107612056025737,0.10555473105068622,0.8944452689493138,0.6,0.6666666666666666,0.0,0.0,0.15,0.15,True,Metabolic risk marker.,0.10338924182160596,0.5,0.4979719694532454,0.48870941279816554,0.0002651377044542739,Domain-Supportive Feature,False,True,0.4575036445435092,,False,not-in-final-subset
nhanes,2,ever_smoked,9.336438563641487e-05,3.831974776463247e-05,0.037888285682502076,0.03278438634274835,0.9672156136572516,0.45,0.6166666666666667,0.0,0.0,0.1,0.1,True,Lifestyle risk context.,0.04974224464411686,0.5,0.4601212853224464,0.45506490386464654,0.00043116131858962246,Low-Value Feature,False,True,0.43873451158832083,,False,not-in-final-subset
nhanes,2,income_ratio,0.0009639008331906968,0.0054732473532350485,0.17860190182321864,0.18203524579688452,0.8179647542031154,0.5,0.5666666666666667,0.0,0.0,0.1,0.1,True,Income-to-poverty ratio as socioeconomic context.,0.0620900979914174,0.5,0.43190159171326026,0.42655371726133895,6.639027982304298e-05,Domain-Supportive Feature,False,True,0.4199694172394877,,False,not-in-final-subset
nhanes,2,diastolic_bp,0.002211352763499345,0.013261331300299283,0.272958373258063,0.2397062011764439,0.7602937988235561,0.6,0.6833333333333332,0.0,0.0,0.1,0.1,True,Cardiometabolic risk marker.,0.03559832231721887,0.5,0.4768704924881343,0.4723189271050227,0.0003137179157749679,Domain-Supportive Feature,False,True,0.41088851079086125,,False,not-in-final-subset
nhanes,2,weight,0.0006503521047617348,0.0035157019287024895,0.1421499554565184,0.3518375648038071,0.6481624351961929,0.7,0.7666666666666666,0.0,0.0,0.1,0.1,True,Body weight is clinically interpretable.,0.08463809235339285,0.5,0.497353864284516,0.48965894934372206,0.0002656884868144579,Clinically Actionable Feature,False,True,0.4007398763433794,,False,not-in-final-subset
nhanes,2,sex_male,8.722654176585021e-05,0.0,0.03590678410054474,0.4547336579781675,0.5452663420218324,0.625,0.5833333333333334,0.0,0.0,0.05,0.05,True,Sex supports subgroup risk stratification.,0.0247002631070891,0.5,0.41113660173769984,0.4076182886208697,0.0001423453155864733,Domain-Supportive Feature,False,True,0.39511092664716746,,False,not-in-final-subset
nhanes,2,education,0.0004796163069544261,0.00244976528314108,0.1300850066798668,0.23439494588190848,0.7656050541180915,0.45,0.5,0.0,0.0,0.05,0.05,True,Socioeconomic context.,0.0759841677323637,0.5,0.39135594040856064,0.38579767963202644,0.00010174759532180513,Low-Value Feature,False,True,0.3756797865442649,,False,not-in-final-subset
nhanes,2,fasting_glucose,0.04750362651479393,0.29602976634630557,0.7484567495045701,0.059883132092819986,0.94011686790718,0.95,0.8333333333333334,0.8,1.0,0.95,1.0,True,Fasting glucose is part of diabetes label definition.,0.8671464630749682,0.5,0.722665636818661,0.01794623105039893,0.0009341114964186442,Label-Proximal Feature,True,False,0.002931138249353465,,False,semantic-veto
nhanes,2,hba1c,0.160260659532936,0.9999937568063684,1.9788705320116822,0.06933646570900685,0.9306635342909931,0.95,0.8333333333333334,0.8,1.0,0.95,1.0,True,HbA1c is part of diabetes label definition.,0.9374995867797496,0.5,0.9319641672334426,0.01158590041474642,8.003387970580565e-10,Label-Proximal Feature,True,False,0.0,,False,semantic-veto
nhanes,3,age,0.029116615894146176,0.18082842239212207,0.7541595914818772,0.15559597288498464,0.8444040271150154,0.9,0.7333333333333333,0.0,0.0,0.05,0.05,True,Age is a stable diabetes risk factor.,0.11453889107081332,0.5,0.6314626654739731,0.6183643725769362,8.146499677719624e-05,Clinically Actionable Feature,False,True,0.6183643725769362,1.0,True,
nhanes,3,bmi,0.0018663428005894305,0.011151607099681032,0.1919900732252414,0.1422705302367995,0.8577294697632005,0.9,0.8666666666666667,0.0,0.0,0.15,0.15,True,BMI is clinically actionable for diabetes prevention.,0.11732556848324954,0.5,0.6165580427492111,0.6033759004923355,0.0011862994411306108,Clinically Actionable Feature,False,True,0.6027170893716961,2.0,True,
nhanes,3,prediabetes_told,0.01773862255695931,0.10998209849495125,0.45830508490782645,0.107797828413527,0.892202171586473,0.825,0.7833333333333333,0.1,0.3,0.65,0.65,True,Prediabetes self-report is close to diabetes label.,0.2891095539442362,0.5,0.6135183971991133,0.5471075138813039,0.0011710527708955428,Clinically Actionable Feature,False,True,0.5368694546966871,3.0,True,
nhanes,3,waist,0.005615168162941127,0.03449407953610475,0.2809915646910502,0.11693295281587807,0.883067047184122,0.85,0.8166666666666668,0.0,0.0,0.15,0.15,True,Central adiposity risk marker.,0.1336841945724218,0.5,0.6036282999643225,0.5885045538821247,0.0010502615125517806,Clinically Actionable Feature,False,True,0.5033404579112996,4.0,True,
nhanes,3,sedentary_minutes,0.002502763625620045,0.01511435119425363,0.19244723800994235,0.17512104989701288,0.8248789501029872,0.65,0.7166666666666668,0.0,0.0,0.1,0.1,True,Behavioral intervention target.,0.033455421942744985,0.5,0.5111767620455403,0.5063986417365135,0.00035631301189640956,Domain-Supportive Feature,False,True,0.5019525826250426,5.0,True,
nhanes,3,total_cholesterol,0.014115666532093625,0.08742336529865447,0.4327263009731907,0.11176596443627473,0.8882340355637253,0.55,0.65,0.0,0.0,0.15,0.15,True,Metabolic risk marker.,0.09418623174662126,0.5,0.5038738167023414,0.49529311747580707,0.0006760998733367121,Domain-Supportive Feature,False,True,0.49076319636092913,6.0,True,
nhanes,3,diastolic_bp,0.003118645146887052,0.018949205060388222,0.2543850260133408,0.1415187457677582,0.8584812542322418,0.6,0.6833333333333332,0.0,0.0,0.1,0.1,True,Cardiometabolic risk marker.,0.028814766697839656,0.5,0.49821434569789813,0.4937752205191868,0.00010715711155726653,Domain-Supportive Feature,False,True,0.4730113434422168,7.0,True,
nhanes,3,weight,7.538309655087764e-05,0.0,0.16092835500795502,0.09591153669293488,0.9040884633070652,0.7,0.7666666666666666,0.0,0.0,0.1,0.1,True,Body weight is clinically interpretable.,0.09104586558223782,0.5,0.5474843593280797,0.5384292327328263,0.0009472893489747273,Clinically Actionable Feature,False,True,0.44918963549558266,8.0,True,
nhanes,3,race_ethnicity,0.0016502179813525418,0.009805882199682118,0.10437713112606202,0.2719985424430286,0.7280014575569713,0.625,0.5833333333333334,0.0,0.0,0.05,0.05,True,Race/ethnicity is a population risk descriptor.,0.014947589983371408,0.5,0.45062538950463227,0.4471248812685526,0.00013764616873378568,Domain-Supportive Feature,False,True,0.44184612482866764,,False,not-in-final-subset
nhanes,3,income_ratio,0.00024137343003306127,0.0010335570237366405,0.1912426088467898,0.09859019907548017,0.9014098009245198,0.5,0.5666666666666667,0.0,0.0,0.1,0.1,True,Income-to-poverty ratio as socioeconomic context.,0.05224686777333415,0.5,0.4472586939586916,0.4422311433433794,0.0002038284624976801,Domain-Supportive Feature,False,True,0.43609376675606043,,False,not-in-final-subset
nhanes,3,hdl_cholesterol,0.0021782555594782446,0.01309376611568909,0.1736440105747449,0.2549621064123923,0.7450378935876076,0.6,0.6666666666666666,0.0,0.0,0.15,0.15,True,Metabolic risk marker.,0.1012454708019113,0.5,0.4696023752188949,0.4610515358792962,0.00010999443865338578,Domain-Supportive Feature,False,True,0.4282840789600628,,False,not-in-final-subset
nhanes,3,sex_male,0.0003396822899057517,0.0016456879260934715,0.033582071860264955,0.36752054879587903,0.632479451204121,0.625,0.5833333333333334,0.0,0.0,0.05,0.05,True,Sex supports subgroup risk stratification.,0.02340667107022086,0.5,0.42907292995198554,0.4254398454725437,0.00030683163188011657,Domain-Supportive Feature,False,True,0.4033752603031571,,False,not-in-final-subset
nhanes,3,systolic_bp,0.0014627701078871126,0.008638717448937846,0.1953792240501889,0.5153398222554487,0.4846601777445513,0.65,0.7166666666666668,0.0,0.0,0.1,0.1,True,Cardiometabolic risk marker.,0.0698848795381747,0.5,0.44119031745025833,0.4352901692833284,0.00010125433441846304,Low-Value Feature,False,True,0.37466567049249205,,False,not-in-final-subset
nhanes,3,ever_smoked,9.532696340155412e-05,0.00012418267516883753,0.049890060619776196,0.383394165601638,0.616605834398362,0.45,0.6166666666666667,0.0,0.0,0.1,0.1,True,Lifestyle risk context.,0.05076128215256118,0.5,0.3900250883488897,0.3857064967987838,0.00010648130565407472,Low-Value Feature,False,True,0.36923674737129514,,False,not-in-final-subset
nhanes,3,education,0.001052508460856753,0.006084178290165066,0.18352438442917152,0.4574275346531195,0.5425724653468804,0.45,0.5,0.0,0.0,0.05,0.05,True,Socioeconomic context.,0.07535336240078644,0.5,0.34783974655642563,0.34292818276795867,0.00018205896639333536,Low-Value Feature,False,True,0.33395778685781613,,False,not-in-final-subset
nhanes,3,fasting_glucose,0.0484411988589297,0.3011550584981772,0.7566508050573226,0.04073116181224486,0.9592688381877551,0.95,0.8333333333333334,0.8,1.0,0.95,1.0,True,Fasting glucose is part of diabetes label definition.,0.8711720387886569,0.5,0.7280336185203375,0.01737189077627877,0.0005365747850477497,Label-Proximal Feature,True,False,0.0015826462752127901,,False,semantic-veto
nhanes,3,hba1c,0.16067542364879375,0.999993773390281,1.7918234074220578,0.08268103556785687,0.9173189644321431,0.95,0.8333333333333334,0.8,1.0,0.95,1.0,True,HbA1c is part of diabetes label definition.,0.9374995670197382,0.5,0.9292952582368462,0.01155272358898378,1.2776277909155547e-10,Label-Proximal Feature,True,False,0.0,,False,semantic-veto
nhanes,4,age,0.03002508623341556,0.20137784711151402,0.75506354366451,0.07787761167069228,0.9221223883293077,0.9,0.7333333333333333,0.0,0.0,0.05,0.05,True,Age is a stable diabetes risk factor.,0.11358999976610966,0.5,0.6531711651326491,0.6397269534071345,0.0008611569696722945,Clinically Actionable Feature,False,True,0.6397269534071345,1.0,True,
nhanes,4,bmi,0.0032492360190676654,0.02159691904534962,0.28542428184706353,0.3553411966811291,0.6446588033188709,0.9,0.8666666666666667,0.0,0.0,0.15,0.15,True,BMI is clinically actionable for diabetes prevention.,0.11260087495032338,0.5,0.5770775030440458,0.5653139991216691,0.000765472659330708,Clinically Actionable Feature,False,True,0.564466947551508,2.0,True,
nhanes,4,prediabetes_told,0.02042195621039741,0.13689960966779233,0.4712864429561836,0.03930968977107482,0.9606903102289251,0.825,0.7833333333333333,0.1,0.3,0.65,0.65,True,Prediabetes self-report is close to diabetes label.,0.290054034593818,0.5,0.6352912782794561,0.5658988018482402,0.003200598573705159,Clinically Actionable Feature,False,True,0.5543507006884979,3.0,True,
nhanes,4,sedentary_minutes,0.0022251996880564414,0.014721238143011128,0.22900006402395975,0.19634620474815065,0.8036537952518493,0.65,0.7166666666666668,0.0,0.0,0.1,0.1,True,Behavioral intervention target.,0.029902326873515666,0.5,0.5068137971599399,0.502248500769304,0.00013872145800637717,Domain-Supportive Feature,False,True,0.49900590146018153,4.0,True,
nhanes,4,total_cholesterol,0.009846540188702183,0.06589315826303511,0.37324395107337477,0.20636089381227937,0.7936391061877206,0.55,0.65,0.0,0.0,0.15,0.15,True,Metabolic risk marker.,0.0928967908102067,0.5,0.4784957687164547,0.4704657842782279,0.0002828358955798657,Domain-Supportive Feature,False,True,0.4668691629166915,5.0,True,
nhanes,4,race_ethnicity,0.0012544210969088162,0.00820314535917255,0.14648802385211743,0.18305586408224217,0.8169441359177578,0.625,0.5833333333333334,0.0,0.0,0.05,0.05,True,Race/ethnicity is a population risk descriptor.,0.012500000000000002,0.5,0.46793310412463673,0.4643874620974653,0.0,Domain-Supportive Feature,False,True,0.4591586288265333,6.0,True,
nhanes,4,waist,0.0025454632912444617,0.01687158210393242,0.31091452250434065,0.32901554246817705,0.6709844575318229,0.85,0.8166666666666668,0.0,0.0,0.15,0.15,True,Central adiposity risk marker.,0.1260510565686667,0.5,0.555925032804211,0.5430102888765194,0.0005548307518579527,Clinically Actionable Feature,False,True,0.45827085856461397,7.0,True,
nhanes,4,systolic_bp,0.0015041170444909898,0.009879677339719289,0.16902578419945846,0.3020355093042359,0.697964490695764,0.65,0.7166666666666668,0.0,0.0,0.1,0.1,True,Cardiometabolic risk marker.,0.06616918281711735,0.5,0.4842234680077353,0.4779807965092366,0.00012089210679545591,Domain-Supportive Feature,False,True,0.4449372931098141,8.0,True,
nhanes,4,hdl_cholesterol,0.0010965146187410068,0.00714291485424329,0.18385459603574614,0.25499926609073575,0.7450007339092642,0.6,0.6666666666666666,0.0,0.0,0.15,0.15,True,Metabolic risk marker.,0.09996138874737782,0.5,0.4678096879047925,0.45939749000731833,0.00016601800003352481,Domain-Supportive Feature,False,True,0.42762581672368416,,False,not-in-final-subset
nhanes,4,income_ratio,0.00036921373524743863,0.0022596029604626117,0.15688125356950258,0.14222218364489936,0.8577778163551006,0.5,0.5666666666666667,0.0,0.0,0.1,0.1,True,Income-to-poverty ratio as socioeconomic context.,0.05326611842159764,0.5,0.4389001108258256,0.4339147120645319,0.00025536466687358695,Domain-Supportive Feature,False,True,0.42739305293442387,,False,not-in-final-subset
nhanes,4,sex_male,0.00032428256918363524,0.0019579219057293045,0.046870801817469186,0.30074166149862785,0.6992583385013722,0.625,0.5833333333333334,0.0,0.0,0.05,0.05,True,Sex supports subgroup risk stratification.,0.018122697104079707,0.5,0.44252237760532653,0.4389750169281737,0.00013217520731274932,Domain-Supportive Feature,False,True,0.4273137950742098,,False,not-in-final-subset
nhanes,4,weight,0.0009194663015081946,0.005954160415827305,0.21490597877790116,0.22475614398279922,0.7752438560172008,0.7,0.7666666666666666,0.0,0.0,0.1,0.1,True,Body weight is clinically interpretable.,0.08201060910040527,0.5,0.523501685994855,0.5156022041907296,0.0004708933940794703,Clinically Actionable Feature,False,True,0.42656376555098646,,False,not-in-final-subset
nhanes,4,ever_smoked,3.2677534972750756e-05,0.0,0.04187002631832843,0.15477252753120818,0.8452274724687918,0.45,0.6166666666666667,0.0,0.0,0.1,0.1,True,Lifestyle risk context.,0.04837024704258219,0.5,0.43571216116042505,0.4309776575803553,0.0005472728478950745,Low-Value Feature,False,True,0.414546516823132,,False,not-in-final-subset
nhanes,4,diastolic_bp,0.005252198404127606,0.03504539719207666,0.27699424883138546,0.38281620823546236,0.6171837917645376,0.6,0.6833333333333332,0.0,0.0,0.1,0.1,True,Cardiometabolic risk marker.,0.03537572437480712,0.5,0.4547837108438638,0.4504484863778906,0.0003705756149004029,Domain-Supportive Feature,False,True,0.3901992332824624,,False,not-in-final-subset
nhanes,4,education,0.001366488902520565,0.008955601544053003,0.13433903936046085,0.5479447820031703,0.4520552179968297,0.45,0.5,0.0,0.0,0.05,0.05,True,Socioeconomic context.,0.0688998461506769,0.5,0.33059772406258187,0.32621090920860624,0.00032318674874376647,Low-Value Feature,False,True,0.31645415936246624,,False,not-in-final-subset
nhanes,4,fasting_glucose,0.056154925394637734,0.37682126709699354,0.7255472269413433,0.09874753166179956,0.9012524683382004,0.95,0.8333333333333334,0.8,1.0,0.95,1.0,True,Fasting glucose is part of diabetes label definition.,0.8693827523288659,0.5,0.7391302071300715,0.017962279724988553,0.0010009338587252095,Label-Proximal Feature,True,False,0.003763759062625134,,False,semantic-veto
nhanes,4,hba1c,0.14896766592020141,0.9999932857060886,1.8432114890830746,0.050586041662909066,0.949413958337091,0.95,0.8333333333333334,0.8,1.0,0.95,1.0,True,HbA1c is part of diabetes label definition.,0.937499568980153,0.5,0.935714110712578,0.011632520637839996,2.6790416121133016e-10,Label-Proximal Feature,True,False,0.0,,False,semantic-veto
nhanes,5,age,0.024084247184966313,0.1453498592015125,0.714519764330292,0.16875128853155197,0.831248711468448,0.9,0.7333333333333333,0.0,0.0,0.05,0.05,True,Age is a stable diabetes risk factor.,0.11480655682659424,0.5,0.6181880333874767,0.6053220132637401,0.0005656635932134416,Clinically Actionable Feature,False,True,0.6053220132637401,1.0,True,
nhanes,5,bmi,0.0026641011490759893,0.015013091778681632,0.2959623828343312,0.32934903326303544,0.6706509667369646,0.9,0.8666666666666667,0.0,0.0,0.15,0.15,True,BMI is clinically actionable for diabetes prevention.,0.12413563110826349,0.5,0.5803007875476641,0.5670755004955423,0.00035343069115683983,Clinically Actionable Feature,False,True,0.5662581818626654,2.0,True,
nhanes,5,prediabetes_told,0.019966253891745948,0.1202927968823325,0.45695097282133396,0.016541038968478108,0.9834589610315219,0.825,0.7833333333333333,0.1,0.3,0.65,0.65,True,Prediabetes self-report is close to diabetes label.,0.2943338721289144,0.5,0.6348629646043374,0.5628671418617397,0.0017363499189411186,Clinically Actionable Feature,False,True,0.5519787580306301,3.0,True,
nhanes,5,sedentary_minutes,0.003425909916482084,0.019648526661885247,0.22266277939031945,0.29197406232498185,0.7080259376750182,0.65,0.7166666666666668,0.0,0.0,0.1,0.1,True,Behavioral intervention target.,0.034270988654055395,0.5,0.48916641220023593,0.48455426187817047,0.00038933437470374207,Domain-Supportive Feature,False,True,0.4814722307855411,4.0,True,
nhanes,5,total_cholesterol,0.009081417839990799,0.05406101944551319,0.44926602000032717,0.14136804883511966,0.8586319511648803,0.55,0.65,0.0,0.0,0.15,0.15,True,Metabolic risk marker.,0.09989295232457139,0.5,0.48794469606663005,0.479131193148884,0.0010460272966062855,Domain-Supportive Feature,False,True,0.4750700212271924,5.0,True,
nhanes,5,waist,0.0034159419304811665,0.019587873710644917,0.3344503248235515,0.269476838853213,0.7305231611467871,0.85,0.8166666666666668,0.0,0.0,0.15,0.15,True,Central adiposity risk marker.,0.13972802911726026,0.5,0.5686476610092176,0.5535581002418987,0.00045318985277500057,Clinically Actionable Feature,False,True,0.4687397855508988,6.0,True,
nhanes,5,diastolic_bp,0.0035022505485655443,0.020113042225509428,0.24579467630869334,0.1827904386020693,0.8172095613979307,0.6,0.6833333333333332,0.0,0.0,0.1,0.1,True,Cardiometabolic risk marker.,0.02759192946786672,0.5,0.4903091582805723,0.48599123206053,0.00017972793831358722,Domain-Supportive Feature,False,True,0.46507309614176656,7.0,True,
nhanes,5,weight,0.0014992318315374248,0.0079251241680208,0.18729932025211574,0.08537920127592454,0.9146207987240754,0.7,0.7666666666666666,0.0,0.0,0.1,0.1,True,Body weight is clinically interpretable.,0.09654468742945405,0.5,0.551968363661888,0.5423684669804562,0.000290190606745944,Clinically Actionable Feature,False,True,0.45334302137066923,8.0,True,
nhanes,5,income_ratio,0.00025129907813057354,0.00033173424586095576,0.1466229831999469,0.029508000965801147,0.9704919990341988,0.5,0.5666666666666667,0.0,0.0,0.1,0.1,True,Income-to-poverty ratio as socioeconomic context.,0.053091464087749896,0.5,0.4608645867472647,0.4556331876033639,0.0003765740257655173,Domain-Supportive Feature,False,True,0.448884377502582,,False,not-in-final-subset
nhanes,5,race_ethnicity,0.00045912801121756887,0.001596326525955973,0.12461176858903368,0.2270852238734772,0.7729147761265228,0.625,0.5833333333333334,0.0,0.0,0.05,0.05,True,Race/ethnicity is a population risk descriptor.,0.014730362525583596,0.5,0.4571451865164248,0.45360325875121443,6.806008528691984e-05,Domain-Supportive Feature,False,True,0.4485077215097295,,False,not-in-final-subset
nhanes,5,sex_male,0.000236843056944062,0.0002437726106746737,0.047780901616624204,0.16047078047619692,0.8395292195238031,0.625,0.5833333333333334,0.0,0.0,0.05,0.05,True,Sex supports subgroup risk stratification.,0.027930623188656023,0.5,0.4700623090212964,0.46590240826674734,0.0003112922851845998,Domain-Supportive Feature,False,True,0.4437778931845071,,False,not-in-final-subset
nhanes,5,ever_smoked,0.00019678034077079683,0.0,0.042294765541671005,0.0969921657927113,0.9030078342072887,0.45,0.6166666666666667,0.0,0.0,0.1,0.1,True,Lifestyle risk context.,0.04834910300865383,0.5,0.44726823350812445,0.4424306001822495,0.00019841342225526243,Low-Value Feature,False,True,0.4275000514834888,,False,not-in-final-subset
nhanes,5,systolic_bp,0.00037283944818983597,0.0010712800415971914,0.15328094608761078,0.2614628941668876,0.7385371058331124,0.65,0.7166666666666668,0.0,0.0,0.1,0.1,True,Cardiometabolic risk marker.,0.07854334965725558,0.5,0.48969547184576834,0.4825437665637133,0.0006089100097474207,Domain-Supportive Feature,False,True,0.42177622803178666,,False,not-in-final-subset
nhanes,5,hdl_cholesterol,0.0017822480441000174,0.009647214120715555,0.21594155997400066,0.4193010051312141,0.580698994868786,0.6,0.6666666666666666,0.0,0.0,0.15,0.15,True,Metabolic risk marker.,0.10823462558007546,0.5,0.4357006298766385,0.4271995664169819,0.0003287804840116153,Domain-Supportive Feature,False,True,0.3934850968581783,,False,not-in-final-subset
nhanes,5,education,0.0007719932483667276,0.003500041074898534,0.16306222563299713,0.3766246881036763,0.6233753118963237,0.45,0.5,0.0,0.0,0.05,0.05,True,Socioeconomic context.,0.0735937394982787,0.5,0.3632250747017343,0.3581847024233429,0.00017789943743294804,Low-Value Feature,False,True,0.34925984869338783,,False,not-in-final-subset
nhanes,5,fasting_glucose,0.047128583750811005,0.2855694604294131,0.7400186770668077,0.05716870044340568,0.9428312995565943,0.95,0.8333333333333334,0.8,1.0,0.95,1.0,True,Fasting glucose is part of diabetes label definition.,0.864046029070642,0.5,0.7200704313734761,0.018458259921655326,0.0014950311618577195,Label-Proximal Feature,True,False,0.002955329404782138,,False,semantic-veto
nhanes,5,hba1c,0.16454039667148235,0.9999939152250781,1.7908360491895288,0.030979891453993488,0.9690201085460065,0.95,0.8333333333333334,0.8,1.0,0.95,1.0,True,HbA1c is part of diabetes label definition.,0.9374995707689582,0.5,0.9396355296100581,0.011681270349574344,7.159163953085137e-10,Label-Proximal Feature,True,False,0.0,,False,semantic-veto
