study,reference,comparator,metric,delta_reference_minus_comparator,ci_low,ci_high,probability_delta_gt_zero,two_sided_bootstrap_p,bootstrap_replicates,inference_method,holm_adjusted_p
adherence,PSEUL-Select,All Features,auc,-0.0644330661297123,-0.0685018098406615,-0.0603643224187631,8.08601165753502e-212,1.617202331507004e-211,0,paired DeLong,1.4554820983563037e-210
adherence,PSEUL-Select,All Features,mcc,-0.1322395099211782,-0.1434378725116491,-0.1206859386636451,0.0,0.000999500249875,2000,paired stratified multinomial bootstrap,0.0099950024987506
adherence,PSEUL-Select,Availability Gate + SHAP,auc,-0.063849712733337,-0.0679539732719359,-0.0597454521947381,1.6842354512521567e-204,3.368470902504313e-204,0,paired DeLong,2.0210825415025877e-203
adherence,PSEUL-Select,Availability Gate + SHAP,mcc,-0.1331596465253916,-0.1439349665677049,-0.1220028706252768,0.0,0.000999500249875,2000,paired stratified multinomial bootstrap,0.0099950024987506
adherence,PSEUL-Select,LightGBM Gain,auc,-0.0555046861673635,-0.0599378590234135,-0.0510715133113136,2.7787004855637312e-133,5.5574009711274624e-133,0,paired DeLong,1.6672202913382387e-132
adherence,PSEUL-Select,LightGBM Gain,mcc,-0.1285092605748016,-0.140205256720392,-0.1169352840698687,0.0,0.000999500249875,2000,paired stratified multinomial bootstrap,0.0099950024987506
adherence,PSEUL-Select,Mutual Information,auc,-0.0548160866638123,-0.0593040337251018,-0.0503281396025228,5.9331468355487275e-127,1.1866293671097455e-126,0,paired DeLong,2.3732587342194913e-126
adherence,PSEUL-Select,Mutual Information,mcc,-0.1274067719532263,-0.1387096174894459,-0.1155378222438748,0.0,0.000999500249875,2000,paired stratified multinomial bootstrap,0.0099950024987506
adherence,PSEUL-Select,Oracle Trap Exclusion + SHAP,auc,0.1822291964865372,0.1743197929768503,0.1901385999962241,1.0,0.0,0,paired DeLong,0.0
adherence,PSEUL-Select,Oracle Trap Exclusion + SHAP,mcc,0.3141294210321306,0.2980234127917874,0.3310177493016452,1.0,0.000999500249875,2000,paired stratified multinomial bootstrap,0.0099950024987506
adherence,PSEUL-Select,PSEUL-Audit,auc,-0.0631303271443783,-0.0672307106844608,-0.0590299436042959,2.4054675964013272e-200,4.8109351928026545e-200,0,paired DeLong,1.9243740771210618e-199
adherence,PSEUL-Select,PSEUL-Audit,mcc,-0.1335117246013942,-0.1456241513651391,-0.1220920576730519,0.0,0.000999500249875,2000,paired stratified multinomial bootstrap,0.0099950024987506
adherence,PSEUL-Select,PSEUL-Auto (leakage metadata null),auc,-0.0639618544299001,-0.0680365233425003,-0.0598871855172998,3.625181028667091e-208,7.250362057334182e-208,0,paired DeLong,5.8002896458673454e-207
adherence,PSEUL-Select,PSEUL-Auto (leakage metadata null),mcc,-0.134070646910883,-0.1455710270606618,-0.1230654154532967,0.0,0.000999500249875,2000,paired stratified multinomial bootstrap,0.0099950024987506
adherence,PSEUL-Select,Permutation Importance,auc,-0.0639618544299001,-0.0680365233425003,-0.0598871855172998,3.625181028667091e-208,7.250362057334182e-208,0,paired DeLong,5.8002896458673454e-207
adherence,PSEUL-Select,Permutation Importance,mcc,-0.1338770687411342,-0.1448910382582097,-0.1228339860597971,0.0,0.000999500249875,2000,paired stratified multinomial bootstrap,0.0099950024987506
adherence,PSEUL-Select,SHAP Ranking,auc,-0.063849712733337,-0.0679539732719359,-0.0597454521947381,1.6842354512521567e-204,3.368470902504313e-204,0,paired DeLong,2.0210825415025877e-203
adherence,PSEUL-Select,SHAP Ranking,mcc,-0.1331940542678031,-0.1449700368934349,-0.1218091649498836,0.0,0.000999500249875,2000,paired stratified multinomial bootstrap,0.0099950024987506
adherence,PSEUL-Select,Semantic Veto + SHAP,auc,-0.0003640411116274,-0.0016872746987422,0.0009591924754873,0.294865819680682,0.5897316393613641,0,paired DeLong,0.5897316393613641
adherence,PSEUL-Select,Semantic Veto + SHAP,mcc,-0.000508903388372,-0.0062723926799551,0.0052862317288372,0.434,0.8685657171414293,2000,paired stratified multinomial bootstrap,0.8685657171414293
nhanes,PSEUL-Select,All Features,auc,-0.1545603676719642,-0.1687803278584168,-0.1403404074855116,5.240588769165336e-101,1.0481177538330671e-100,0,paired DeLong,9.433059784497606e-100
nhanes,PSEUL-Select,All Features,mcc,-0.4592254624300713,-0.4935912685601841,-0.4237574825153893,0.0,0.000999500249875,2000,paired stratified multinomial bootstrap,0.0099950024987506
nhanes,PSEUL-Select,Availability Gate + SHAP,auc,-0.1528536935078122,-0.1671966323377594,-0.138510754677865,3.4525282107163584e-97,6.905056421432718e-97,0,paired DeLong,4.833539495002902e-96
nhanes,PSEUL-Select,Availability Gate + SHAP,mcc,-0.4594168602418768,-0.4967676247168844,-0.4246741158642917,0.0,0.000999500249875,2000,paired stratified multinomial bootstrap,0.0099950024987506
nhanes,PSEUL-Select,LightGBM Gain,auc,-0.1283543130096869,-0.143085113355057,-0.1136235126643168,1.0797323112723298e-65,2.159464622544659e-65,0,paired DeLong,6.478393867633977e-65
nhanes,PSEUL-Select,LightGBM Gain,mcc,-0.4162484670699208,-0.4539089723712127,-0.3778693334055452,0.0,0.000999500249875,2000,paired stratified multinomial bootstrap,0.0099950024987506
nhanes,PSEUL-Select,Mutual Information,auc,-0.1391159903801948,-0.1542279219837954,-0.1240040587765942,4.462628771092645e-73,8.925257542185289e-73,0,paired DeLong,3.5701030168741155e-72
nhanes,PSEUL-Select,Mutual Information,mcc,-0.4565266744289665,-0.4928213960583137,-0.4188076486854935,0.0,0.000999500249875,2000,paired stratified multinomial bootstrap,0.0099950024987506
nhanes,PSEUL-Select,Oracle Trap Exclusion + SHAP,auc,0.0002046865187683,-0.0076454865738483,0.008054859611385,0.5203792000244014,0.9592415999511972,0,paired DeLong,0.9726536219011088
nhanes,PSEUL-Select,Oracle Trap Exclusion + SHAP,mcc,0.0322740787421491,0.0056069449590615,0.0603620872567924,0.9905,0.0199900049975012,2000,paired stratified multinomial bootstrap,0.0399800099950025
nhanes,PSEUL-Select,PSEUL-Audit,auc,-0.1488761889159713,-0.1635832469948759,-0.1341691308370667,6.638924606494022e-88,1.3277849212988043e-87,0,paired DeLong,6.638924606494021e-87
nhanes,PSEUL-Select,PSEUL-Audit,mcc,-0.4615088613350551,-0.4971362817075982,-0.4260255199082009,0.0,0.000999500249875,2000,paired stratified multinomial bootstrap,0.0099950024987506
nhanes,PSEUL-Select,PSEUL-Auto (leakage metadata null),auc,-0.1539780395994159,-0.1681037072646214,-0.1398523719342103,1.4098394186840014e-101,2.8196788373680027e-101,0,paired DeLong,2.819678837368002e-100
nhanes,PSEUL-Select,PSEUL-Auto (leakage metadata null),mcc,-0.46339866128753,-0.5005498673972631,-0.4277068093383742,0.0,0.000999500249875,2000,paired stratified multinomial bootstrap,0.0099950024987506
nhanes,PSEUL-Select,Permutation Importance,auc,-0.1539960269230571,-0.1683035769381171,-0.1396884769079971,4.326921457370399e-99,8.653842914740797e-99,0,paired DeLong,6.923074331792638e-98
nhanes,PSEUL-Select,Permutation Importance,mcc,-0.4636593766713548,-0.4986798789287815,-0.4282944486810381,0.0,0.000999500249875,2000,paired stratified multinomial bootstrap,0.0099950024987506
nhanes,PSEUL-Select,SHAP Ranking,auc,-0.1528536935078122,-0.1671966323377594,-0.138510754677865,3.4525282107163584e-97,6.905056421432718e-97,0,paired DeLong,4.833539495002902e-96
nhanes,PSEUL-Select,SHAP Ranking,mcc,-0.4587611556458303,-0.492581226580848,-0.4244331156875349,0.0,0.000999500249875,2000,paired stratified multinomial bootstrap,0.0099950024987506
nhanes,PSEUL-Select,Semantic Veto + SHAP,auc,0.0027903412315208,-0.0050656774039485,0.0106463598669902,0.7568365945247228,0.4863268109505544,0,paired DeLong,0.9726536219011088
nhanes,PSEUL-Select,Semantic Veto + SHAP,mcc,0.0279823602178998,-0.0015192749974124,0.0570431844701479,0.9675,0.0659670164917541,2000,paired stratified multinomial bootstrap,0.0659670164917541
brfss,PSEUL-Select,All Features,auc,-0.207352688242606,-0.2130434925759773,-0.2016618839092346,0.0,0.0,0,paired DeLong,0.0
brfss,PSEUL-Select,All Features,mcc,-0.7898058881063391,-0.8049004163148208,-0.7752100297157919,0.0,0.000999500249875,2000,paired stratified multinomial bootstrap,0.0099950024987506
brfss,PSEUL-Select,Availability Gate + SHAP,auc,-0.207352688242606,-0.2130434925759773,-0.2016618839092346,0.0,0.0,0,paired DeLong,0.0
brfss,PSEUL-Select,Availability Gate + SHAP,mcc,-0.7896071240354572,-0.8033138935367378,-0.7743841292340813,0.0,0.000999500249875,2000,paired stratified multinomial bootstrap,0.0099950024987506
brfss,PSEUL-Select,LightGBM Gain,auc,-0.2051311395114736,-0.2108445992931772,-0.19941767972977,0.0,0.0,0,paired DeLong,0.0
brfss,PSEUL-Select,LightGBM Gain,mcc,-0.7802234710328354,-0.7950414167165079,-0.7658870428090673,0.0,0.000999500249875,2000,paired stratified multinomial bootstrap,0.0099950024987506
brfss,PSEUL-Select,Mutual Information,auc,-0.207352688242606,-0.2130434925759773,-0.2016618839092346,0.0,0.0,0,paired DeLong,0.0
brfss,PSEUL-Select,Mutual Information,mcc,-0.7895079820729428,-0.8043365297726851,-0.7749520651812306,0.0,0.000999500249875,2000,paired stratified multinomial bootstrap,0.0099950024987506
brfss,PSEUL-Select,Oracle Trap Exclusion + SHAP,auc,-0.0104122680937399,-0.0123748950574512,-0.0084496411300287,1.261564068226874e-25,2.523128136453748e-25,0,paired DeLong,5.046256272907496e-25
brfss,PSEUL-Select,Oracle Trap Exclusion + SHAP,mcc,-0.0024318149824685,-0.0105724274393358,0.0054927819071187,0.283,0.5667166416791605,2000,paired stratified multinomial bootstrap,0.5667166416791605
brfss,PSEUL-Select,PSEUL-Audit,auc,-0.207352688242606,-0.2130434925759773,-0.2016618839092346,0.0,0.0,0,paired DeLong,0.0
brfss,PSEUL-Select,PSEUL-Audit,mcc,-0.7897715524440736,-0.8038379387261775,-0.7756434471628791,0.0,0.000999500249875,2000,paired stratified multinomial bootstrap,0.0099950024987506
brfss,PSEUL-Select,PSEUL-Auto (leakage metadata null),auc,-0.207352688242606,-0.2130434925759773,-0.2016618839092346,0.0,0.0,0,paired DeLong,0.0
brfss,PSEUL-Select,PSEUL-Auto (leakage metadata null),mcc,-0.789294857631521,-0.8045663246925303,-0.7756826355154507,0.0,0.000999500249875,2000,paired stratified multinomial bootstrap,0.0099950024987506
brfss,PSEUL-Select,Permutation Importance,auc,-0.207352688242606,-0.2130434925759773,-0.2016618839092346,0.0,0.0,0,paired DeLong,0.0
brfss,PSEUL-Select,Permutation Importance,mcc,-0.7896540819204481,-0.8036703985453876,-0.7748553801144099,0.0,0.000999500249875,2000,paired stratified multinomial bootstrap,0.0099950024987506
brfss,PSEUL-Select,SHAP Ranking,auc,-0.207352688242606,-0.2130434925759773,-0.2016618839092346,0.0,0.0,0,paired DeLong,0.0
brfss,PSEUL-Select,SHAP Ranking,mcc,-0.7895781980900258,-0.8032916640138091,-0.7757480720579736,0.0,0.000999500249875,2000,paired stratified multinomial bootstrap,0.0099950024987506
brfss,PSEUL-Select,Semantic Veto + SHAP,auc,-0.0081314380806619,-0.0105078804344247,-0.0057549957268991,9.96716276376892e-12,1.993432552753784e-11,0,paired DeLong,1.993432552753784e-11
brfss,PSEUL-Select,Semantic Veto + SHAP,mcc,0.0250525342230305,0.0126165890448478,0.0368777929333368,1.0,0.000999500249875,2000,paired stratified multinomial bootstrap,0.0099950024987506
diabetes130_admission,PSEUL-Select,All Features,auc,-0.0640759445263438,-0.0758790154503909,-0.0522728736022966,9.66967353704867e-27,1.933934707409734e-26,0,paired DeLong,1.933934707409734e-25
diabetes130_admission,PSEUL-Select,All Features,mcc,0.0060583280889724,-0.0174145096489125,0.0294740119381487,0.6905,0.6196901549225388,2000,paired stratified multinomial bootstrap,1.0
diabetes130_admission,PSEUL-Select,Availability Gate + SHAP,auc,0.0071629245885822,0.0001296304424011,0.0141962187347633,0.97703982465516,0.04592035068968,0,paired DeLong,0.1836814027587203
diabetes130_admission,PSEUL-Select,Availability Gate + SHAP,mcc,0.0058355238871709,-0.0096258693726676,0.0207241998730363,0.77,0.4607696151924038,2000,paired stratified multinomial bootstrap,1.0
diabetes130_admission,PSEUL-Select,LightGBM Gain,auc,-0.0236265313302119,-0.0379726309606425,-0.0092804316997814,0.000623478399036,0.0012469567980721,0,paired DeLong,0.0062347839903609
diabetes130_admission,PSEUL-Select,LightGBM Gain,mcc,0.0038053441143888,-0.0205426372414039,0.0282970002831498,0.62,0.7606196901549226,2000,paired stratified multinomial bootstrap,1.0
diabetes130_admission,PSEUL-Select,Mutual Information,auc,-0.057005071563964,-0.069660618072716,-0.0443495250552121,5.30276423926383e-19,1.060552847852766e-18,0,paired DeLong,8.484422782822128e-18
diabetes130_admission,PSEUL-Select,Mutual Information,mcc,-0.0008076488404325,-0.0221461310960333,0.0193225414674913,0.479,0.9585207396301848,2000,paired stratified multinomial bootstrap,1.0
diabetes130_admission,PSEUL-Select,Oracle Trap Exclusion + SHAP,auc,0.0059678170479465,-0.0016024199366926,0.0135380540325857,0.9388413295055786,0.1223173409888427,0,paired DeLong,0.2446346819776855
diabetes130_admission,PSEUL-Select,Oracle Trap Exclusion + SHAP,mcc,0.0113339952102726,-0.0026058355569994,0.0259418431867998,0.9505,0.0999500249875062,2000,paired stratified multinomial bootstrap,0.9995002498750624
diabetes130_admission,PSEUL-Select,PSEUL-Audit,auc,-0.0565195889754348,-0.0684301339897238,-0.0446090439611459,6.965256534416901e-21,1.3930513068833802e-20,0,paired DeLong,1.2537461761950422e-19
diabetes130_admission,PSEUL-Select,PSEUL-Audit,mcc,-0.0178987244097981,-0.0409520342527365,0.0055248897046527,0.069,0.1399300349825087,2000,paired stratified multinomial bootstrap,1.0
diabetes130_admission,PSEUL-Select,PSEUL-Auto (leakage metadata null),auc,0.0,0.0,0.0,0.5,1.0,0,paired DeLong,1.0
diabetes130_admission,PSEUL-Select,PSEUL-Auto (leakage metadata null),mcc,0.0,0.0,0.0,0.0,1.0,2000,paired stratified multinomial bootstrap,1.0
diabetes130_admission,PSEUL-Select,Permutation Importance,auc,-0.0532252298017437,-0.0656000007736384,-0.0408504588298489,1.7257844294762624e-17,3.451568858952525e-17,0,paired DeLong,2.4160982012667674e-16
diabetes130_admission,PSEUL-Select,Permutation Importance,mcc,-0.0038977351683766,-0.0253501356177574,0.0167382181308336,0.3595,0.719640179910045,2000,paired stratified multinomial bootstrap,1.0
diabetes130_admission,PSEUL-Select,SHAP Ranking,auc,-0.0524766730349599,-0.0647020429886476,-0.0402513030812723,1.9951521708225988e-17,3.9903043416451976e-17,0,paired DeLong,2.4160982012667674e-16
diabetes130_admission,PSEUL-Select,SHAP Ranking,mcc,-0.0010849232422114,-0.024142153848783,0.0217588539872458,0.457,0.9225387306346826,2000,paired stratified multinomial bootstrap,1.0
diabetes130_admission,PSEUL-Select,Semantic Veto + SHAP,auc,0.0071629245885822,0.0001296304424011,0.0141962187347633,0.97703982465516,0.04592035068968,0,paired DeLong,0.1836814027587203
diabetes130_admission,PSEUL-Select,Semantic Veto + SHAP,mcc,0.0055469896002058,-0.0095758899039791,0.0206720689649477,0.7605,0.47976011994003,2000,paired stratified multinomial bootstrap,1.0
diabetes130_discharge,PSEUL-Select,All Features,auc,-0.0226461757997011,-0.0312266515632594,-0.0140657000361429,1.1520382264094405e-07,2.304076452818881e-07,0,paired DeLong,2.3040764528188803e-06
diabetes130_discharge,PSEUL-Select,All Features,mcc,-0.0195929348914904,-0.0386677738903333,9.321207065980208e-05,0.026,0.0539730134932533,2000,paired stratified multinomial bootstrap,0.4857571214392804
diabetes130_discharge,PSEUL-Select,Availability Gate + SHAP,auc,-0.0087810499849885,-0.0173661176875099,-0.000195982282467,0.022495242139062,0.044990484278124,0,paired DeLong,0.3149333899468681
diabetes130_discharge,PSEUL-Select,Availability Gate + SHAP,mcc,-0.0109792564363265,-0.0339144457974852,0.0112795315381584,0.1675,0.3468265867066467,2000,paired stratified multinomial bootstrap,1.0
diabetes130_discharge,PSEUL-Select,LightGBM Gain,auc,0.0087579168715036,-0.0011663417943231,0.0186821755373303,0.9581537942607596,0.0836924114784807,0,paired DeLong,0.3149333899468681
diabetes130_discharge,PSEUL-Select,LightGBM Gain,mcc,-0.0005210907520584,-0.0259594613184031,0.0235632196628134,0.49,0.9875062468765616,2000,paired stratified multinomial bootstrap,1.0
diabetes130_discharge,PSEUL-Select,Mutual Information,auc,-0.0022123701154621,-0.0115003036959991,0.0070755634650747,0.3202969120611348,0.6405938241222697,0,paired DeLong,0.6405938241222697
diabetes130_discharge,PSEUL-Select,Mutual Information,mcc,-0.0128556494618644,-0.036109156735987,0.0100265913795577,0.138,0.2788605697151424,2000,paired stratified multinomial bootstrap,1.0
diabetes130_discharge,PSEUL-Select,Oracle Trap Exclusion + SHAP,auc,-0.0087810499849885,-0.0173661176875099,-0.000195982282467,0.022495242139062,0.044990484278124,0,paired DeLong,0.3149333899468681
diabetes130_discharge,PSEUL-Select,Oracle Trap Exclusion + SHAP,mcc,-0.0109043059424286,-0.0334882393248338,0.012060926560721,0.1775,0.3608195902048975,2000,paired stratified multinomial bootstrap,1.0
diabetes130_discharge,PSEUL-Select,PSEUL-Audit,auc,-0.0093580800233483,-0.0143016416072994,-0.0044145184393972,0.0001035283743798,0.0002070567487596,0,paired DeLong,0.0018635107388368
diabetes130_discharge,PSEUL-Select,PSEUL-Audit,mcc,-0.0099319098470901,-0.0240035651060478,0.0029309716643318,0.063,0.1419290354822588,2000,paired stratified multinomial bootstrap,1.0
diabetes130_discharge,PSEUL-Select,PSEUL-Auto (leakage metadata null),auc,-0.0035860033898263,-0.006757822893926,-0.0004141838857267,0.0133477525469888,0.0266955050939777,0,paired DeLong,0.2135640407518221
diabetes130_discharge,PSEUL-Select,PSEUL-Auto (leakage metadata null),mcc,-0.0093020199011645,-0.0199857000627103,-0.0006245027851702,0.0155,0.031984007996002,2000,paired stratified multinomial bootstrap,0.3198400799600199
diabetes130_discharge,PSEUL-Select,Permutation Importance,auc,-0.0067319752497215,-0.0145938457232822,0.0011298952238391,0.0466431041699542,0.0932862083399085,0,paired DeLong,0.3149333899468681
diabetes130_discharge,PSEUL-Select,Permutation Importance,mcc,-0.0061225334435617,-0.0246103851991165,0.0130541359424259,0.267,0.5387306346826587,2000,paired stratified multinomial bootstrap,1.0
diabetes130_discharge,PSEUL-Select,SHAP Ranking,auc,-0.0087810499849885,-0.0173661176875099,-0.000195982282467,0.022495242139062,0.044990484278124,0,paired DeLong,0.3149333899468681
diabetes130_discharge,PSEUL-Select,SHAP Ranking,mcc,-0.0111122000168156,-0.0335167965142667,0.0110553399422871,0.165,0.3388305847076461,2000,paired stratified multinomial bootstrap,1.0
diabetes130_discharge,PSEUL-Select,Semantic Veto + SHAP,auc,-0.0087810499849885,-0.0173661176875099,-0.000195982282467,0.022495242139062,0.044990484278124,0,paired DeLong,0.3149333899468681
diabetes130_discharge,PSEUL-Select,Semantic Veto + SHAP,mcc,-0.0109365214079309,-0.032674234001398,0.0119080800504176,0.1615,0.3338330834582708,2000,paired stratified multinomial bootstrap,1.0
